{
  "outputs": [
    {
      "target": "black",
      "weight": 1000,
      "id": "OD:oreCoal"
    },
    {
      "target": "white",
      "weight": 750,
      "id": "OD:oreIron"
    },
    {
      "target": "white",
      "weight": 560,
      "id": "OD:oreQuartz"
    },
    {
      "target": "red",
      "weight": 515,
      "id": "OD:oreRedstone"
    },
    {
      "target": "blue",
      "weight": 343,
      "id": "OD:oreLapis"
    },
    {
      "target": "yellow",
      "weight": 311,
      "id": "OD:oreGold"
    },
    {
      "target": "cyan",
      "weight": 218,
      "id": "OD:oreDiamond"
    },
    {
      "target": "lime",
      "weight": 156,
      "id": "OD:oreEmerald"
    },
    {
      "target": "yellow",
      "weight": 234,
      "id": "OD:glowstone"
    },
    {
      "target": "orange",
      "weight": 584,
      "id": "OD:oreCopper"
    },
    {
      "target": "gray",
      "weight": 602,
      "id": "OD:oreTin"
    },
    {
      "target": "silver",
      "weight": 381,
      "id": "OD:oreSilver"
    },
    {
      "target": "purple",
      "weight": 500,
      "id": "OD:oreLead"
    },
    {
      "target": "white",
      "weight": 422,
      "id": "OD:oreAluminum"
    },
    {
      "target": "green",
      "weight": 140,
      "id": "OD:oreUranium"
    },
    {
      "target": "yellow",
      "weight": 156,
      "id": "OD:oreYellorite"
    },
    {
      "target": "light_blue",
      "weight": 187,
      "id": "OD:oreCertusQuartz"
    },
    {
      "target": "light_blue",
      "weight": 109,
      "id": "OD:oreChargedCertusQuartz"
    },
    {
      "target": "brown",
      "weight": 190,
      "id": "OD:oreCinnabar"
    },
    {
      "target": "orange",
      "weight": 184,
      "id": "OD:oreAmber"
    },
    {
      "target": "gray",
      "weight": 232,
      "id": "OD:oreNickel"
    },
    {
      "target": "light_blue",
      "weight": 150,
      "id": "OD:orePlatinum"
    },
    {
      "target": "light_blue",
      "weight": 169,
      "id": "OD:oreMithril"
    },
    {
      "target": "light_blue",
      "weight": 203,
      "id": "OD:oreOsmium"
    },
    {
      "target": "black",
      "weight": 128,
      "id": "OD:oreFluidCrudeOilSand"
    },
    {
      "target": "black",
      "weight": 120,
      "id": "OD:oreFluidCrudeOilShale"
    },
    {
      "target": "green",
      "weight": 118,
      "id": "OD:oreFluidEnder"
    },
    {
      "target": "yellow",
      "weight": 145,
      "id": "OD:oreFluidGlowstone"
    },
    {
      "target": "red",
      "weight": 137,
      "id": "OD:oreFluidRedstone"
    },
    {
      "target": "yellow",
      "weight": 222,
      "id": "OD:oreSulfur"
    },
    {
      "target": "white",
      "weight": 244,
      "id": "OD:oreNiter"
    },
    {
      "target": "red",
      "weight": 113,
      "id": "OD:oreFirestone"
    },
    {
      "target": "blue",
      "weight": 163,
      "id": "OD:oreCobalt"
    },
    {
      "target": "orange",
      "weight": 159,
      "id": "OD:oreArdite"
    },
    {
      "target": "light_blue",
      "weight": 200,
      "id": "OD:oreApatite"
    },
    {
      "target": "purple",
      "weight": 142,
      "id": "OD:oreDraconium"
    },
    {
      "target": "black",
      "weight": 190,
      "id": "OD:oreGraphite"
    },
    {
      "target": "black",
      "weight": 290,
      "id": "OD:oreQuartzBlack"
    },
    {
      "target": "white",
      "weight": 233,
      "id": "OD:oreMagnesium"
    },
    {
      "target": "white",
      "weight": 201,
      "id": "OD:oreLithium"
    },
    {
      "target": "black",
      "weight": 222,
      "id": "OD:oreThroium"
    },
    {
      "target": "siver",
      "weight": 199,
      "id": "OD:oreBoron"
    },
    {
      "target": "brown",
      "weight": 177,
      "id": "deepresonance:resonating_ore"
    },
    {
      "target": "pink",
      "weight": 186,
      "id": "OD:oreZinc"
    },
    {
      "target": "white",
      "weight": 157,
      "id": "OD:oreIridium"
    },
    {
      "target": "black",
      "weight": 192,
      "id": "OD:oreTungsten"
    },
    {
      "target": "silver",
      "weight": 251,
      "id": "OD:oreOsmium"
    },
    {
      "target": "white",
      "weight": 160,
      "id": "OD:oreSalt"
    },
    {
      "target": "white",
      "weight": 127,
      "id": "rftools:dimensional_shard_ore"
    },
    {
      "target": "green",
      "weight": 190,
      "id": "OD:oreInferium"
    },
    {
      "target": "silver",
      "weight": 155,
      "id": "OD:oreProsperity"
    },
    {
      "target": "lime",
      "weight": 223,
      "id": "OD:oreBrainstone"
    },
    {
      "target": "crystal",
      "weight": 200,
      "id": "environmentaltech:litherite_crystal"
    },
    {
      "target": "crystal",
      "weight": 150,
      "id": "environmentaltech:erodium_crystal"
    },
    {
      "target": "black",
      "weight": 4,
      "id": "environmentaltech:lonsdaleite_crystal"
    }
  ]
}